slug	title	category	target_keyword	meta_title	meta_description	template	update_policy	source_urls	internal_link_targets	analysis_note	evidence_note	decision
best-ai-productivity-tools-2026	Best AI Productivity Tools in 2026	AI Tool Comparisons	best ai productivity tools	Best AI Productivity Tools in 2026	Compare AI productivity tools by workflow fit, source quality, setup effort, and review risk before choosing a daily stack.	tool-comparison	Refresh every 30 days; recheck official pricing and feature pages before major recommendations.	https://openai.com/chatgpt|https://www.anthropic.com/claude|https://gemini.google.com	how-to-benchmark-ai-tools:ai-research-playbooks|best-ai-workflow-automation-tools:ai-tool-comparisons	Source-derived analysis based on official product pages and Yolkmeet workflow criteria.	Screenshot useful after account-level hands-on testing; launch version uses official source logs.	Start with a general assistant plus one task-specific tool; add automation only after review gates are stable.
best-ai-tools-for-b2b-marketing-2026	Best AI Tools for B2B Marketing in 2026	AI Marketing Ops	best ai tools for b2b marketing	Best AI Tools for B2B Marketing	Shortlist B2B marketing AI tools by campaign planning, CRM handoff, content QA, and source-review workflow fit.	tool-comparison	Refresh every 30 days; verify vendor pages and integration docs before publishing updates.	https://www.hubspot.com/products/artificial-intelligence|https://openai.com/business|https://zapier.com/apps/categories/marketing	best-ai-productivity-tools-2026:ai-tool-comparisons|how-to-use-ai-for-competitor-research:ai-research-playbooks	Source-derived analysis based on official vendor pages and marketing operations use cases.	No private campaign data used; recommendations are framed as selection rules.	Pick tools that shorten research and QA first; avoid automating campaign claims without human review.
best-ai-content-generators-for-marketing	Best AI Content Generators for Marketing	AI Marketing Ops	best ai content generators for marketing	Best AI Content Generators for Marketing	Choose AI content generators for marketing by brief quality, source grounding, edit workflow, and brand-review controls.	tool-review	Refresh every 30 days; recheck editor features, model disclosures, and pricing pages.	https://www.jasper.ai|https://www.copy.ai|https://www.hubspot.com/products/artificial-intelligence	how-to-build-an-ai-content-workflow:ai-marketing-ops|ai-prompt-template-for-content-briefs:ai-prompt-systems	Source-derived analysis based on official tool pages and editorial workflow requirements.	Launch version avoids unsupported quality rankings and uses workflow-fit criteria.	Use generators for briefs and drafts, but keep claim verification and final editorial signoff outside automation.
best-ai-workflow-automation-tools	Best AI Workflow Automation Tools	AI Tool Comparisons	best ai workflow automation tools	Best AI Workflow Automation Tools	Compare AI workflow automation tools by trigger reliability, review gates, integration depth, and maintenance burden.	tool-comparison	Refresh every 30 days; retest docs when automation platforms change AI actions.	https://zapier.com/features/ai|https://www.make.com/en/ai|https://n8n.io/ai	best-ai-productivity-tools-2026:ai-tool-comparisons|how-to-automate-emails-with-ai:ai-workflow-automation	Source-derived analysis based on official automation platform pages and Yolkmeet QA gates.	No live user accounts were used in the launch baseline; screenshots can be added after controlled tests.	Choose the platform that gives the clearest rollback path, not only the largest integration count.
best-ai-browser-agents	Best AI Browser Agents	AI Tool Comparisons	best ai browser agents	Best AI Browser Agents	Review AI browser agents by task boundaries, permission control, auditability, and how safely they handle web actions.	tool-review	Refresh every 14 days; browser-agent features and safety controls change quickly.	https://openai.com/operator|https://www.perplexity.ai|https://www.google.com/chrome/ai	best-ai-workflow-automation-tools:ai-tool-comparisons|how-to-benchmark-ai-tools:ai-research-playbooks	Source-derived analysis based on public product pages and browser automation risk criteria.	Launch version emphasizes safety and verification rather than unsourced performance claims.	Use browser agents for bounded research and repetitive UI checks; keep account and payment actions manual.
best-ai-note-taking-tools	Best AI Note-Taking Tools	AI Tool Comparisons	best ai note taking tools	Best AI Note-Taking Tools	Compare AI note-taking tools by capture quality, privacy controls, summaries, integrations, and update workflow.	tool-comparison	Refresh every 30 days; verify meeting consent, storage, and pricing notes.	https://otter.ai|https://www.notion.com/product/ai|https://www.fireflies.ai	best-ai-meeting-assistants:ai-tool-comparisons|how-to-use-ai-for-meeting-notes:ai-workflow-automation	Source-derived analysis based on official product pages and meeting documentation workflows.	No meeting recordings are embedded; privacy-sensitive claims must be checked with vendor docs.	Pick note tools by review workflow and retention settings before summary quality.
best-ai-meeting-assistants	Best AI Meeting Assistants	AI Tool Comparisons	best ai meeting assistants	Best AI Meeting Assistants	Shortlist AI meeting assistants by transcript handling, action-item review, integrations, privacy, and team adoption fit.	tool-comparison	Refresh every 30 days; recheck privacy and admin settings before updates.	https://otter.ai|https://www.fireflies.ai|https://www.microsoft.com/en-us/microsoft-365/copilot	best-ai-note-taking-tools:ai-tool-comparisons|how-to-use-ai-for-customer-support:ai-workflow-automation	Source-derived analysis based on official product pages and collaboration workflow criteria.	Launch notes avoid recording-specific claims until hands-on tests are captured.	Use meeting assistants only where consent, storage, and review ownership are explicit.
best-ai-search-tools	Best AI Search Tools	AI Tool Comparisons	best ai search tools	Best AI Search Tools	Compare AI search tools by citation visibility, query planning, source diversity, and repeatable research workflows.	tool-review	Refresh every 14 days; search interfaces and citation behavior change often.	https://www.perplexity.ai|https://www.google.com/search/howsearchworks|https://openai.com/searchgpt	best-ai-productivity-tools-2026:ai-tool-comparisons|how-to-use-chatgpt-for-research:ai-research-playbooks	Source-derived analysis based on official search and product pages plus research QA criteria.	No search result rankings are copied; article focuses on verification habits.	Choose the tool that makes source review easiest for the specific research job.
best-ai-image-generators	Best AI Image Generators	AI Tool Comparisons	best ai image generators	Best AI Image Generators	Compare AI image generators by prompt control, licensing notes, editing workflow, and review steps for publication.	tool-comparison	Refresh every 14 days; model capabilities, policy, and pricing can shift quickly.	https://openai.com/dall-e-3|https://www.adobe.com/products/firefly.html|https://www.midjourney.com	best-ai-video-generators:ai-tool-comparisons|how-to-benchmark-ai-tools:ai-research-playbooks	Source-derived analysis based on official product pages and editorial asset workflow criteria.	Launch version does not claim image quality rankings without a captured test set.	Use image tools where licensing and editing controls are clear enough for repeatable publishing.
best-ai-video-generators	Best AI Video Generators	AI Tool Comparisons	best ai video generators	Best AI Video Generators	Compare AI video generators by storyboard control, export workflow, review burden, and publication-safe source notes.	tool-comparison	Refresh every 14 days; video-generation products change capabilities and access tiers fast.	https://runwayml.com|https://openai.com/sora|https://www.adobe.com/products/firefly.html	best-ai-image-generators:ai-tool-comparisons|ai-prompt-template-for-product-comparisons:ai-prompt-systems	Source-derived analysis based on official product pages and editorial production risk criteria.	No generated video samples are claimed in the launch version; add screenshots after controlled tests.	Adopt video generators for rough cuts and concepting before relying on them for final assets.
best-vibe-coding-tools	Best Vibe Coding Tools	AI Tool Comparisons	best vibe coding tools	Best Vibe Coding Tools	Compare vibe coding tools by repository understanding, review workflow, terminal safety, and handoff quality.	tool-review	Refresh every 14 days; coding-agent products and IDE integrations change frequently.	https://cursor.com|https://github.com/features/copilot|https://codeium.com	best-ai-code-editors:ai-tool-comparisons|cursor-alternatives:ai-tool-comparisons	Source-derived analysis based on official coding assistant pages and repository QA criteria.	Launch version avoids benchmark claims without a controlled repository test.	Use vibe coding tools for scoped edits with tests, not unchecked production rewrites.
best-ai-code-editors	Best AI Code Editors	AI Tool Comparisons	best ai code editors	Best AI Code Editors	Review AI code editors by local context, test integration, review controls, and team maintenance workflow.	tool-comparison	Refresh every 14 days; verify IDE pricing, model access, and extension behavior.	https://cursor.com|https://github.com/features/copilot|https://code.visualstudio.com	best-vibe-coding-tools:ai-tool-comparisons|cursor-pricing:ai-tool-comparisons	Source-derived analysis based on official editor and assistant pages.	No private repositories were analyzed for this launch article.	Prioritize editors that make tests and diffs easy to inspect.
chatgpt-alternatives	ChatGPT Alternatives	AI Tool Comparisons	chatgpt alternatives	ChatGPT Alternatives	Compare ChatGPT alternatives by research, writing, coding, workspace fit, source handling, and update risk.	alternative-list	Refresh every 14 days; model access, pricing, and tool features change quickly.	https://openai.com/chatgpt|https://www.anthropic.com/claude|https://gemini.google.com	best-ai-productivity-tools-2026:ai-tool-comparisons|claude-alternatives:ai-tool-comparisons	Source-derived analysis based on official assistant pages and workflow segmentation.	Launch article uses selection criteria rather than copied rankings from SERPs.	Choose an alternative only after naming the workflow ChatGPT is failing to handle.
claude-alternatives	Claude Alternatives	AI Tool Comparisons	claude alternatives	Claude Alternatives	Compare Claude alternatives for research, coding, long-form writing, workspace features, and verification workflow.	alternative-list	Refresh every 14 days; recheck official model and product pages.	https://www.anthropic.com/claude|https://openai.com/chatgpt|https://gemini.google.com	chatgpt-alternatives:ai-tool-comparisons|gemini-alternatives:ai-tool-comparisons	Source-derived analysis based on official assistant pages and Yolkmeet review criteria.	The launch version does not invent model benchmark scores.	Switch from Claude only when a different assistant better fits tooling, source review, or team policy.
gemini-alternatives	Gemini Alternatives	AI Tool Comparisons	gemini alternatives	Gemini Alternatives	Compare Gemini alternatives by workspace fit, research behavior, coding support, and source-review workflow.	alternative-list	Refresh every 14 days; verify Google product changes and competing assistant pages.	https://gemini.google.com|https://openai.com/chatgpt|https://www.anthropic.com/claude	chatgpt-alternatives:ai-tool-comparisons|claude-alternatives:ai-tool-comparisons	Source-derived analysis based on official assistant pages and workflow criteria.	No SERP body text is reused; article is structured around switching reasons.	Keep Gemini where Google workspace fit matters; compare alternatives for research depth or coding workflow.
zapier-alternatives	Zapier Alternatives	AI Workflow Automation	zapier alternatives	Zapier Alternatives	Compare Zapier alternatives by workflow complexity, AI actions, error handling, self-hosting, and cost-control needs.	alternative-list	Refresh every 30 days; automation pricing and AI-action availability should be rechecked.	https://zapier.com|https://www.make.com|https://n8n.io	make-alternatives:ai-workflow-automation|n8n-alternatives:ai-workflow-automation	Source-derived analysis based on official automation platform pages and migration criteria.	Launch notes do not copy integration counts; readers should verify their exact apps.	Switch from Zapier when workflow complexity, cost, or self-hosting needs outweigh ease of use.
make-alternatives	Make Alternatives	AI Workflow Automation	make alternatives	Make Alternatives	Compare Make alternatives by visual workflow depth, AI-step support, operations effort, and rollback confidence.	alternative-list	Refresh every 30 days; recheck automation features and plan limits.	https://www.make.com|https://zapier.com|https://n8n.io	zapier-alternatives:ai-workflow-automation|n8n-alternatives:ai-workflow-automation	Source-derived analysis based on official platform pages and workflow maintenance criteria.	No account-specific screenshots are included in the launch version.	Choose alternatives when self-hosting, simpler automations, or team governance matters more than Make's visual builder.
n8n-alternatives	n8n Alternatives	AI Workflow Automation	n8n alternatives	n8n Alternatives	Compare n8n alternatives by self-hosting needs, managed reliability, AI integrations, and non-technical team adoption.	alternative-list	Refresh every 30 days; verify hosted and self-hosted feature pages.	https://n8n.io|https://zapier.com|https://www.make.com	make-alternatives:ai-workflow-automation|workflow-for-ai-approval-gates:ai-workflow-automation	Source-derived analysis based on official automation platform pages.	Launch version avoids unsupported uptime or pricing claims.	Use n8n when control matters; use alternatives when managed operations and handoff are more important.
notion-ai-alternatives	Notion AI Alternatives	AI Tool Comparisons	notion ai alternatives	Notion AI Alternatives	Compare Notion AI alternatives by knowledge-base workflow, writing help, privacy controls, and team documentation fit.	alternative-list	Refresh every 30 days; workspace AI features change across vendors.	https://www.notion.com/product/ai|https://www.coda.io/ai|https://www.microsoft.com/en-us/microsoft-365/copilot	best-ai-note-taking-tools:ai-tool-comparisons|how-to-use-ai-for-internal-knowledge-base:ai-workflow-automation	Source-derived analysis based on official workspace product pages.	No private workspace data is referenced.	Pick the alternative that fits the team's documentation review loop, not only the strongest assistant.
cursor-alternatives	Cursor Alternatives	AI Tool Comparisons	cursor alternatives	Cursor Alternatives	Compare Cursor alternatives by editor preference, repository context, coding-agent controls, and team review workflow.	alternative-list	Refresh every 14 days; coding assistant features and pricing move quickly.	https://cursor.com|https://github.com/features/copilot|https://code.visualstudio.com	best-vibe-coding-tools:ai-tool-comparisons|best-ai-code-editors:ai-tool-comparisons	Source-derived analysis based on official editor and assistant pages.	Launch article avoids benchmark claims without a controlled repository fixture.	Switch only when the alternative improves tests, review, or team fit for the codebase.
midjourney-alternatives	Midjourney Alternatives	AI Tool Comparisons	midjourney alternatives	Midjourney Alternatives	Compare Midjourney alternatives by image control, licensing workflow, editing features, and publication review needs.	alternative-list	Refresh every 14 days; image generation products change policy and access often.	https://www.midjourney.com|https://www.adobe.com/products/firefly.html|https://openai.com/dall-e-3	best-ai-image-generators:ai-tool-comparisons|best-ai-video-generators:ai-tool-comparisons	Source-derived analysis based on official product pages and publishing risk criteria.	No generated image samples are claimed in the launch version.	Choose alternatives when licensing clarity, editing workflow, or team access matters more than style preference.
how-to-use-chatgpt-for-research	How to Use ChatGPT for Research	AI Research Playbooks	how to use chatgpt for research	How to Use ChatGPT for Research	Build a ChatGPT research workflow with source collection, verification prompts, contradiction checks, and editorial notes.	workflow-tutorial	Refresh every 30 days; review Search, browsing, and citation behavior before updates.	https://openai.com/chatgpt|https://help.openai.com|https://developers.google.com/search/docs/fundamentals/creating-helpful-content	best-ai-search-tools:ai-tool-comparisons|how-to-use-ai-for-competitor-research:ai-research-playbooks	Source-derived analysis based on official documentation and Yolkmeet research QA habits.	Launch workflow does not claim live browsing results; it defines verification steps.	Use ChatGPT as a research organizer, then verify every claim against primary sources.
how-to-use-claude-for-writing	How to Use Claude for Writing	AI Research Playbooks	how to use claude for writing	How to Use Claude for Writing	Use Claude for long-form writing with brief constraints, source notes, revision passes, and editorial guardrails.	workflow-tutorial	Refresh every 30 days; recheck official writing features and context notes.	https://www.anthropic.com/claude|https://support.anthropic.com|https://developers.google.com/search/docs/fundamentals/using-gen-ai-content	claude-alternatives:ai-tool-comparisons|ai-prompt-template-for-content-briefs:ai-prompt-systems	Source-derived analysis based on official Claude pages and Google AI-content guidance.	Launch article separates drafting help from final editorial responsibility.	Use Claude for structure and revision, but keep claims, citations, and final judgment human-reviewed.
how-to-automate-emails-with-ai	How to Automate Emails With AI	AI Workflow Automation	how to automate emails with ai	How to Automate Emails With AI	Design AI email automation with triggers, draft review, approval gates, unsubscribe safety, and source-aware templates.	workflow-tutorial	Refresh every 30 days; review email platform policies and automation docs.	https://zapier.com/apps/email/integrations|https://www.make.com/en/integrations|https://mailchimp.com/help	best-ai-workflow-automation-tools:ai-tool-comparisons|workflow-for-ai-approval-gates:ai-workflow-automation	Source-derived analysis based on official automation and email platform documentation.	No email lists or private data are used in the launch version.	Automate email drafting and routing before automating final send decisions.
how-to-build-an-ai-content-workflow	How to Build an AI Content Workflow	AI Marketing Ops	how to build an ai content workflow	How to Build an AI Content Workflow	Create an AI content workflow for briefs, source review, drafting, originality checks, publishing, and refresh tracking.	workflow-tutorial	Refresh every 30 days; update when editorial tooling or Google guidance changes.	https://developers.google.com/search/docs/fundamentals/creating-helpful-content|https://developers.google.com/search/docs/fundamentals/using-gen-ai-content|https://wordpress.org/documentation	best-ai-content-generators-for-marketing:ai-marketing-ops|workflow-for-original-content-verification:ai-workflow-automation	Source-derived analysis based on official Google and WordPress guidance plus Yolkmeet publishing checks.	Launch workflow is implemented as local tests and WordPress meta gates.	Build the approval gate before scaling draft generation.
how-to-benchmark-ai-tools	How to Benchmark AI Tools	AI Research Playbooks	how to benchmark ai tools	How to Benchmark AI Tools	Benchmark AI tools with repeatable tasks, source logs, pricing checks, workflow scoring, and update cadence.	workflow-tutorial	Refresh every 30 days; revise benchmarks when product pages or test fixtures change.	https://developers.google.com/search/docs/fundamentals/creating-helpful-content|https://openai.com|https://www.anthropic.com	best-ai-productivity-tools-2026:ai-tool-comparisons|best-ai-search-tools:ai-tool-comparisons	Source-derived analysis based on official product pages and Yolkmeet benchmark rules.	Launch version describes the benchmark method and avoids fabricated scores.	Use small repeatable tasks and score workflow fit before writing recommendations.
how-to-use-ai-for-seo-tasks	How to Use AI for SEO Tasks	AI Research Playbooks	how to use ai for seo tasks	How to Use AI for SEO Tasks	Use AI for SEO tasks without copying SERPs by focusing on briefs, internal links, source review, and refresh queues.	workflow-tutorial	Refresh every 30 days; update when Google search guidance changes.	https://developers.google.com/search/docs/fundamentals/seo-starter-guide|https://developers.google.com/search/docs/fundamentals/creating-helpful-content|https://developers.google.com/search/docs/appearance/structured-data/article	how-to-build-an-ai-content-workflow:ai-marketing-ops|how-to-use-ai-for-competitor-research:ai-research-playbooks	Source-derived analysis based on official Google Search documentation.	No scraped SERP bodies are used; the article explains safe research workflow.	Use AI for organization and QA, not for unsupported search-engine-first pages.
ai-prompt-template-for-content-briefs	AI Prompt Template for Content Briefs	AI Prompt Systems	ai prompt template for content briefs	AI Prompt Template for Content Briefs	Use a content-brief prompt template that captures intent, sources, constraints, originality checks, and update policy.	prompt-library	Refresh every 30 days; revise prompts when publishing policy or source requirements change.	https://developers.google.com/search/docs/fundamentals/creating-helpful-content|https://developers.google.com/search/docs/fundamentals/using-gen-ai-content|https://wordpress.org/documentation	how-to-build-an-ai-content-workflow:ai-marketing-ops|ai-prompt-template-for-product-comparisons:ai-prompt-systems	Source-derived analysis based on official Google guidance and Yolkmeet editorial templates.	Prompts are original operating templates, not copied vendor text.	Write briefs that force source logs and claim review before drafting.
ai-prompt-template-for-product-comparisons	AI Prompt Template for Product Comparisons	AI Prompt Systems	ai prompt template for product comparisons	AI Prompt Template for Product Comparisons	Use a product-comparison prompt template for decision tables, source logs, pricing checks, and unsupported-claim review.	prompt-library	Refresh every 30 days; update as comparison fields and policy checks evolve.	https://developers.google.com/search/docs/fundamentals/creating-helpful-content|https://developers.google.com/search/docs/fundamentals/using-gen-ai-content|https://schema.org/Review	ai-prompt-template-for-content-briefs:ai-prompt-systems|how-to-benchmark-ai-tools:ai-research-playbooks	Source-derived analysis based on official Google guidance and structured comparison needs.	The template is original and avoids copied comparison language.	Force the model to separate evidence, assumptions, and recommendation logic.
how-to-use-ai-for-competitor-research	How to Use AI for Competitor Research	AI Research Playbooks	how to use ai for competitor research	How to Use AI for Competitor Research	Use AI for competitor research by collecting metadata, identifying gaps, avoiding copied body text, and planning original angles.	workflow-tutorial	Refresh every 30 days; retest source availability and benchmark list.	https://developers.google.com/search/docs/fundamentals/creating-helpful-content|https://developers.google.com/search/docs/fundamentals/seo-starter-guide|https://ahrefs.com/blog	how-to-use-chatgpt-for-research:ai-research-playbooks|how-to-benchmark-ai-tools:ai-research-playbooks	Source-derived analysis based on official search guidance and metadata-only benchmarking methods.	Benchmark bodies are not stored or reused; notes remain metadata-level.	Use competitor research to find reader gaps, not to rewrite existing articles.
how-to-use-ai-for-customer-support	How to Use AI for Customer Support	AI Workflow Automation	how to use ai for customer support	How to Use AI for Customer Support	Design AI customer support workflows with routing, draft replies, escalation rules, source control, and QA review.	workflow-tutorial	Refresh every 30 days; verify helpdesk AI features and data handling notes.	https://www.zendesk.com/ai|https://www.intercom.com/fin|https://developers.google.com/search/docs/fundamentals/using-gen-ai-content	best-ai-meeting-assistants:ai-tool-comparisons|workflow-for-ai-approval-gates:ai-workflow-automation	Source-derived analysis based on official support platform pages and AI-content review guidance.	No customer tickets or private data are used in the launch version.	Start with suggested replies and routing; keep refunds, legal, and sensitive escalations human-owned.
how-to-use-ai-for-spreadsheet-analysis	How to Use AI for Spreadsheet Analysis	AI Workflow Automation	how to use ai for spreadsheet analysis	How to Use AI for Spreadsheet Analysis	Use AI for spreadsheet analysis with clean inputs, formula checks, summary prompts, and reviewable reporting workflow.	workflow-tutorial	Refresh every 30 days; recheck spreadsheet AI features and formula behavior.	https://workspace.google.com/products/sheets|https://www.microsoft.com/en-us/microsoft-365/excel|https://openai.com/chatgpt	how-to-use-ai-for-reporting:ai-workflow-automation|how-to-benchmark-ai-tools:ai-research-playbooks	Source-derived analysis based on official spreadsheet and assistant product pages.	No private workbook is used; article defines a safe analysis pattern.	Use AI to draft explanations and checks, then verify formulas and source data manually.
workflow-for-ai-approval-gates	Workflow for AI Approval Gates	AI Workflow Automation	workflow for ai approval gates	Workflow for AI Approval Gates	Create AI approval gates for drafts, automations, source checks, risk flags, and final human release decisions.	workflow-tutorial	Refresh every 30 days; update when automation or policy requirements change.	https://developers.google.com/search/docs/fundamentals/using-gen-ai-content|https://zapier.com/features/ai|https://n8n.io	best-ai-workflow-automation-tools:ai-tool-comparisons|how-to-build-an-ai-content-workflow:ai-marketing-ops	Source-derived analysis based on official AI-content guidance and automation platform pages.	Launch version implements this as Yolkmeet source/originality checks.	Put approval gates before every external send, publish, or account mutation.
workflow-for-original-content-verification	Workflow for Original Content Verification	AI Workflow Automation	workflow for original content verification	Workflow for Original Content Verification	Build an original-content verification workflow with source logs, copied-text checks, claim review, and refresh policy.	workflow-tutorial	Refresh every 30 days; update when content policy or originality tooling changes.	https://developers.google.com/search/docs/fundamentals/creating-helpful-content|https://developers.google.com/search/docs/fundamentals/using-gen-ai-content|https://support.google.com/adsense/answer/9724	how-to-build-an-ai-content-workflow:ai-marketing-ops|how-to-use-ai-for-competitor-research:ai-research-playbooks	Source-derived analysis based on official Google Search and AdSense guidance.	The launch repository includes a blocking copied-risk fixture.	Make originality verification a required pre-publish step, not a final cosmetic review.
how-to-use-ai-for-reporting	How to Use AI for Reporting	AI Workflow Automation	how to use ai for reporting	How to Use AI for Reporting	Use AI for reporting by preparing clean metrics, asking for source-aware summaries, and keeping reviewable assumptions.	workflow-tutorial	Refresh every 30 days; recheck analytics and spreadsheet integrations.	https://analytics.google.com|https://workspace.google.com/products/sheets|https://www.microsoft.com/en-us/microsoft-365/excel	how-to-use-ai-for-spreadsheet-analysis:ai-workflow-automation|how-to-use-ai-for-seo-tasks:ai-research-playbooks	Source-derived analysis based on official analytics and spreadsheet product pages.	No private analytics data is included; article focuses on reporting process.	Use AI to explain reports, but keep data definitions and conclusions traceable.
how-to-use-ai-for-internal-knowledge-base	How to Use AI for an Internal Knowledge Base	AI Workflow Automation	how to use ai for internal knowledge base	How to Use AI for a Knowledge Base	Design an AI-assisted internal knowledge base with source ownership, update cadence, permissions, and answer review.	workflow-tutorial	Refresh every 30 days; recheck workspace AI and documentation-product features.	https://www.notion.com/product/ai|https://www.coda.io/ai|https://www.microsoft.com/en-us/microsoft-365/copilot	notion-ai-alternatives:ai-tool-comparisons|how-to-use-claude-for-writing:ai-research-playbooks	Source-derived analysis based on official workspace product pages and documentation workflows.	No private company documents are used in the launch version.	Start with source ownership and permissions before adding AI answer generation.
